time,close
2018-03-01,12186000
2018-03-02,12444000
2018-03-03,12799000
2018-03-04,12571000
2018-03-05,12682000
2018-03-06,12000000
2018-03-07,11147000
2018-03-08,10465000
2018-03-09,10396000
2018-03-10,9892000
2018-03-11,10493000
2018-03-12,10205000
2018-03-13,10139000
2018-03-14,9141000
2018-03-15,9100000
2018-03-16,9050000
2018-03-17,8653000
2018-03-18,8989000
2018-03-19,9708000
2018-03-20,9829000
2018-03-21,9905000
2018-03-22,9771000
2018-03-23,9861000
2018-03-24,9560000
2018-03-25,9466000
2018-03-26,9045000
2018-03-27,8638000
2018-03-28,8719000
2018-03-29,7884000
2018-03-30,7594000
2018-03-31,7682000
2018-04-01,7476000
2018-04-02,7704000
2018-04-03,8095000
2018-04-04,7503000
2018-04-05,7395000
2018-04-06,7266000
2018-04-07,7524000
2018-04-08,7609000
2018-04-09,7443000
2018-04-10,7405000
2018-04-11,7428000
2018-04-12,8130000
2018-04-13,8373000
2018-04-14,8340000
2018-04-15,8647000
2018-04-16,8652000
2018-04-17,8464000
2018-04-18,8648000
2018-04-19,8986000
2018-04-20,9561000
2018-04-21,9715000
2018-04-22,9594000
2018-04-23,9757000
2018-04-24,10542000
2018-04-25,9804000
2018-04-26,10128000
2018-04-27,9816000
2018-04-28,10043000
2018-04-29,10206000
2018-04-30,10119000
2018-05-01,9888000
2018-05-02,10032000
2018-05-03,10673000
2018-05-04,10662000
2018-05-05,10830000
2018-05-06,10690000
2018-05-07,10437000
2018-05-08,10233000
2018-05-09,10391000
2018-05-10,9990000
2018-05-11,9252000
2018-05-12,9491000
2018-05-13,9807000
2018-05-14,9790000
2018-05-15,9511000
2018-05-16,9303000
2018-05-17,9087000
2018-05-18,9169000
2018-05-19,9100000
2018-05-20,9373000
2018-05-21,9331000
2018-05-22,8949000
2018-05-23,8485000
2018-05-24,8399000
2018-05-25,8320000
2018-05-26,8164000
2018-05-27,8175000
2018-05-28,7893000
2018-05-29,8307000
2018-05-30,8200000
2018-05-31,8274000
2018-06-01,8279000
2018-06-02,8329000
2018-06-03,8418000
2018-06-04,8251000
2018-06-05,8349000
2018-06-06,8353000
2018-06-07,8366000
2018-06-08,8337000
2018-06-09,8240000
2018-06-10,7583000
2018-06-11,7640000
2018-06-12,7349000
2018-06-13,7030000
2018-06-14,7360000
2018-06-15,7293000
2018-06-16,7270000
2018-06-17,7213000
2018-06-18,7449000
2018-06-19,7504000
2018-06-20,7469000
2018-06-21,7476000
2018-06-22,6909000
2018-06-23,7015000
2018-06-24,6978000
2018-06-25,7037000
2018-06-26,6872000
2018-06-27,6923000
2018-06-28,6654000
2018-06-29,6950000
2018-06-30,7147000
2018-07-01,7068000
2018-07-02,7252000
2018-07-03,7205000
2018-07-04,7268000
2018-07-05,7281000
2018-07-06,7486000
2018-07-07,7544000
2018-07-08,7494000
2018-07-09,7486000
2018-07-10,7143000
2018-07-11,7236000
2018-07-12,7101000
2018-07-13,7071000
2018-07-14,7119000
2018-07-15,7192000
2018-07-16,7475000
2018-07-17,8031000
2018-07-18,8300000
2018-07-19,8435000
2018-07-20,8351000
2018-07-21,8384000
2018-07-22,8324000
2018-07-23,8751000
2018-07-24,9222000
2018-07-25,9150000
2018-07-26,8935000
2018-07-27,9100000
2018-07-28,9210000
2018-07-29,9185000
2018-07-30,9224000
2018-07-31,8735000
2018-08-01,8685000
2018-08-02,8674000
2018-08-03,8474000
2018-08-04,8058000
2018-08-05,8080000
2018-08-06,7975000
2018-08-07,7750000
2018-08-08,7316000
2018-08-09,7546000
2018-08-10,7220000
2018-08-11,7313000
2018-08-12,7385000
2018-08-13,7389000
2018-08-14,7247000
2018-08-15,7323000
2018-08-16,7342000
2018-08-17,7501000
2018-08-18,7399000
2018-08-19,7440000
2018-08-20,7262000
2018-08-21,7408000
2018-08-22,7276000
2018-08-23,7445000
2018-08-24,7578000
2018-08-25,7605000
2018-08-26,7541000
2018-08-27,7700000
2018-08-28,7858000
2018-08-29,7825000
2018-08-30,7858000
2018-08-31,7870000
2018-09-01,8006000
2018-09-02,8111000
2018-09-03,8117000
2018-09-04,8288000
2018-09-05,7677000
2018-09-06,7502000
2018-09-07,7393000
2018-09-08,7203000
2018-09-09,7230000
2018-09-10,7256000
2018-09-11,7246000
2018-09-12,7251000
2018-09-13,7347000
2018-09-14,7352000
2018-09-15,7370000
2018-09-16,7343000
2018-09-17,7194000
2018-09-18,7233000
2018-09-19,7249000
2018-09-20,7294000
2018-09-21,7539000
2018-09-22,7521000
2018-09-23,7510000
2018-09-24,7431000
2018-09-25,7295000
2018-09-26,7310000
2018-09-27,7460000
2018-09-28,7425000
2018-09-29,7370000
2018-09-30,7417000
2018-10-01,7364000
2018-10-02,7371000
2018-10-03,7383000
2018-10-04,7469000
2018-10-05,7497000
2018-10-06,7499000
2018-10-07,7491000
2018-10-08,7540000
2018-10-09,7522000
2018-10-10,7467000
2018-10-11,7194000
2018-10-12,7197000
2018-10-13,7194000
2018-10-14,7197000
2018-10-15,7411000
2018-10-16,7372000
2018-10-17,7334000
2018-10-18,7336000
2018-10-19,7302000
2018-10-20,7310000
2018-10-21,7315000
2018-10-22,7298000
2018-10-23,7270000
2018-10-24,7285000
2018-10-25,7271000
2018-10-26,7275000
2018-10-27,7290000
2018-10-28,7259000
2018-10-29,7106000
2018-10-30,7142000
2018-10-31,7162000
2018-11-01,7178000
2018-11-02,7181000
2018-11-03,7148000
2018-11-04,7221000
2018-11-05,7199000
2018-11-06,7240000
2018-11-07,7310000
2018-11-08,7293000
2018-11-09,7249000
2018-11-10,7240000
2018-11-11,7264000
2018-11-12,7254000
2018-11-13,7245000
2018-11-14,6781000
2018-11-15,6527000
2018-11-16,6422000
2018-11-17,6402000
2018-11-18,6424000
2018-11-19,5603000
2018-11-20,5187000
2018-11-21,5278000
2018-11-22,4966000
2018-11-23,5013000
2018-11-24,4491000
2018-11-25,4613000
2018-11-26,4367000
2018-11-27,4376000
2018-11-28,4799000
2018-11-29,4845000
2018-11-30,4571000
2018-12-01,4725000
2018-12-02,4694000
2018-12-03,4386000
2018-12-04,4457000
2018-12-05,4263000
2018-12-06,3970000
2018-12-07,3867000
2018-12-08,3888000
2018-12-09,4016000
2018-12-10,3897000
2018-12-11,3821000
2018-12-12,3894000
2018-12-13,3722000
2018-12-14,3637000
2018-12-15,3626000
2018-12-16,3635000
2018-12-17,3927000
2018-12-18,4098000
2018-12-19,4121000
2018-12-20,4565000
2018-12-21,4326000
2018-12-22,4466000
2018-12-23,4431000
2018-12-24,4538000
2018-12-25,4245000
2018-12-26,4286000
2018-12-27,4127000
2018-12-28,4330000
2018-12-29,4190000
2018-12-30,4290000
2018-12-31,4200000
2019-01-01,4294000
2019-01-02,4352000
2019-01-03,4282000
2019-01-04,4309000
2019-01-05,4297000
2019-01-06,4526000
2019-01-07,4501000
2019-01-08,4488000
2019-01-09,4457000
2019-01-10,4089000
2019-01-11,4110000
2019-01-12,4094000
2019-01-13,3967000
2019-01-14,4095000
2019-01-15,4030000
2019-01-16,4054000
2019-01-17,4071000
2019-01-18,4051000
2019-01-19,4112000
2019-01-20,3982000
2019-01-21,3974000
2019-01-22,4013000
2019-01-23,3996000
2019-01-24,3978000
2019-01-25,3962000
2019-01-26,3969000
2019-01-27,3948000
2019-01-28,3830000
2019-01-29,3796000
2019-01-30,3807000
2019-01-31,3778000
2019-02-01,3818000
2019-02-02,3856000
2019-02-03,3826000
2019-02-04,3827000
2019-02-05,3837000
2019-02-06,3788000
2019-02-07,3787000
2019-02-08,4005000
2019-02-09,4000000
2019-02-10,4029000
2019-02-11,3989000
2019-02-12,3983000
2019-02-13,3985000
2019-02-14,3985000
2019-02-15,3990000
2019-02-16,4005000
2019-02-17,4042000
2019-02-18,4240000
2019-02-19,4255000
2019-02-20,4319000
2019-02-21,4333000
2019-02-22,4353000
2019-02-23,4478000
2019-02-24,4192000
2019-02-25,4255000
2019-02-26,4235000
2019-02-27,4256000
2019-02-28,4240000
2019-03-01,4253000
2019-03-02,4253000
2019-03-03,4234000
2019-03-04,4154000
2019-03-05,4244000
2019-03-06,4263000
2019-03-07,4290000
2019-03-08,4313000
2019-03-09,4358000
2019-03-10,4333000
2019-03-11,4335000
2019-03-12,4323000
2019-03-13,4325000
2019-03-14,4342000
2019-03-15,4360000
2019-03-16,4439000
2019-03-17,4425000
2019-03-18,4455000
2019-03-19,4486000
2019-03-20,4532000
2019-03-21,4496000
2019-03-22,4497000
2019-03-23,4514000
2019-03-24,4525000
2019-03-25,4481000
2019-03-26,4492000
2019-03-27,4547000
2019-03-28,4547000
2019-03-29,4638000
2019-03-30,4630000
2019-03-31,4650000
2019-04-01,4745000
2019-04-02,5515000
2019-04-03,5616000
2019-04-04,5561000
2019-04-05,5674000
2019-04-06,5749000
2019-04-07,5886000
2019-04-08,6072000
2019-04-09,5998000
2019-04-10,6168000
2019-04-11,5873000
2019-04-12,5910000
2019-04-13,5888000
2019-04-14,5956000
2019-04-15,5859000
2019-04-16,6040000
2019-04-17,6012000
2019-04-18,6069000
2019-04-19,6087000
2019-04-20,6150000
2019-04-21,6142000
2019-04-22,6235000
2019-04-23,6443000
2019-04-24,6419000
2019-04-25,6111000
2019-04-26,6138000
2019-04-27,6110000
2019-04-28,6130000
2019-04-29,6030000
2019-04-30,6124000
2019-05-01,6200000
2019-05-02,6329000
2019-05-03,6583000
2019-05-04,6713000
2019-05-05,6700000
2019-05-06,6619000
2019-05-07,6758000
2019-05-08,6951000
2019-05-09,7270000
2019-05-10,7500000
2019-05-11,8382000
2019-05-12,8174000
2019-05-13,9240000
2019-05-14,9536000
2019-05-15,9618000
2019-05-16,9452000
2019-05-17,8885000
2019-05-18,8800000
2019-05-19,9699000
2019-05-20,9580000
2019-05-21,9507000
2019-05-22,9289000
2019-05-23,9475000
2019-05-24,9559000
2019-05-25,9593000
2019-05-26,10299000
2019-05-27,10371000
2019-05-28,10332000
2019-05-29,10339000
2019-05-30,10146000
2019-05-31,10371000
2019-06-01,10328000
2019-06-02,10500000
2019-06-03,10000000
2019-06-04,9488000
2019-06-05,9571000
2019-06-06,9489000
2019-06-07,9745000
2019-06-08,9728000
2019-06-09,9429000
2019-06-10,9740000
2019-06-11,9588000
2019-06-12,9792000
2019-06-13,9936000
2019-06-14,10465000
2019-06-15,10537000
2019-06-16,10717000
2019-06-17,11068000
2019-06-18,10900000
2019-06-19,11063000
2019-06-20,11350000
2019-06-21,11991000
2019-06-22,12385000
2019-06-23,12687000
2019-06-24,12900000
2019-06-25,13983000
2019-06-26,15863000
2019-06-27,14006000
2019-06-28,15300000
2019-06-29,14568000
2019-06-30,13565000
2019-07-01,13013000
2019-07-02,13217000
2019-07-03,14422000
2019-07-04,13517000
2019-07-05,13346000
2019-07-06,13602000
2019-07-07,13649000
2019-07-08,14574000
2019-07-09,14940000
2019-07-10,14622000
2019-07-11,13787000
2019-07-12,14194000
2019-07-13,13808000
2019-07-14,12416000
2019-07-15,13189000
2019-07-16,11420000
2019-07-17,11643000
2019-07-18,12660000
2019-07-19,12534000
2019-07-20,12778000
2019-07-21,12582000
2019-07-22,12325000
2019-07-23,11793000
2019-07-24,11610000
2019-07-25,11740000
2019-07-26,11668000
2019-07-27,11307000
2019-07-28,11330000
2019-07-29,11287000
2019-07-30,11343000
2019-07-31,11962000
2019-08-01,12300000
2019-08-02,12586000
2019-08-03,12791000
2019-08-04,12969000
2019-08-05,14192000
2019-08-06,13787000
2019-08-07,14203000
2019-08-08,14253000
2019-08-09,14254000
2019-08-10,13691000
2019-08-11,13877000
2019-08-12,13701000
2019-08-13,13148000
2019-08-14,12210000
2019-08-15,12637000
2019-08-16,12572000
2019-08-17,12429000
2019-08-18,12676000
2019-08-19,13205000
2019-08-20,12956000
2019-08-21,12303000
2019-08-22,12225000
2019-08-23,12465000
2019-08-24,12199000
2019-08-25,12223000
2019-08-26,12428000
2019-08-27,12230000
2019-08-28,11791000
2019-08-29,11537000
2019-08-30,11662000
2019-08-31,11616000
2019-09-01,11780000
2019-09-02,12445000
2019-09-03,12720000
2019-09-04,12649000
2019-09-05,12647000
2019-09-06,12341000
2019-09-07,12473000
2019-09-08,12369000
2019-09-09,12272000
2019-09-10,12072000
2019-09-11,12173000
2019-09-12,12438000
2019-09-13,12315000
2019-09-14,12263000
2019-09-15,12178000
2019-09-16,12131000
2019-09-17,12062000
2019-09-18,12052000
2019-09-19,12187000
2019-09-20,12077000
2019-09-21,11887000
2019-09-22,11938000
2019-09-23,11537000
2019-09-24,10212000
2019-09-25,10144000
2019-09-26,9701000
2019-09-27,9833000
2019-09-28,9886000
2019-09-29,9676000
2019-09-30,9960000
2019-10-01,10002000
2019-10-02,10085000
2019-10-03,9938000
2019-10-04,9750000
2019-10-05,9733000
2019-10-06,9430000
2019-10-07,9747000
2019-10-08,9723000
2019-10-09,10189000
2019-10-10,10168000
2019-10-11,9823000
2019-10-12,9879000
2019-10-13,9811000
2019-10-14,9875000
2019-10-15,9710000
2019-10-16,9523000
2019-10-17,9563000
2019-10-18,9438000
2019-10-19,9443000
2019-10-20,9712000
2019-10-21,9663000
2019-10-22,9469000
2019-10-23,8835000
2019-10-24,8739000
2019-10-25,10050000
2019-10-26,10735000
2019-10-27,10987000
2019-10-28,10728000
2019-10-29,10888000
2019-10-30,10704000
2019-10-31,10702000
2019-11-01,10796000
2019-11-02,10847000
2019-11-03,10782000
2019-11-04,10851000
2019-11-05,10763000
2019-11-06,10749000
2019-11-07,10672000
2019-11-08,10210000
2019-11-09,10253000
2019-11-10,10498000
2019-11-11,10162000
2019-11-12,10259000
2019-11-13,10222000
2019-11-14,10074000
2019-11-15,9921000
2019-11-16,9929000
2019-11-17,9928000
2019-11-18,9590000
2019-11-19,9516000
2019-11-20,9481000
2019-11-21,9034000
2019-11-22,8659000
2019-11-23,8672000
2019-11-24,8204000
2019-11-25,8335000
2019-11-26,8401000
2019-11-27,8773000
2019-11-28,8720000
2019-11-29,9076000
2019-11-30,8887000
2019-12-01,8683000
2019-12-02,8599000
2019-12-03,8603000
2019-12-04,8519000
2019-12-05,8692000
2019-12-06,8810000
2019-12-07,8785000
2019-12-08,8801000
2019-12-09,8678000
2019-12-10,8533000
2019-12-11,8485000
2019-12-12,8434000
2019-12-13,8494000
2019-12-14,8272000
2019-12-15,8324000
2019-12-16,8053000
2019-12-17,7744000
2019-12-18,8472000
2019-12-19,8320000
2019-12-20,8337000
2019-12-21,8300000
2019-12-22,8684000
2019-12-23,8520000
2019-12-24,8452000
2019-12-25,8376000
2019-12-26,8367000
2019-12-27,8393000
2019-12-28,8425000
2019-12-29,8489000
2019-12-30,8341000
2019-12-31,8309000
2020-01-01,8305000
2020-01-02,8046000
2020-01-03,8475000
2020-01-04,8479000
2020-01-05,8460000
2020-01-06,8856000
2020-01-07,9391000
2020-01-08,9095000
2020-01-09,8946000
2020-01-10,9228000
2020-01-11,9062000
2020-01-12,9218000
2020-01-13,9170000
2020-01-14,9705000
2020-01-15,9729000
2020-01-16,9787000
2020-01-17,9993000
2020-01-18,10092000
2020-01-19,9905000
2020-01-20,9842000
2020-01-21,9965000
2020-01-22,9927000
2020-01-23,9753000
2020-01-24,9809000
2020-01-25,9735000
2020-01-26,9966000
2020-01-27,10131000
2020-01-28,10562000
2020-01-29,10675000
2020-01-30,10776000
2020-01-31,10781000
2020-02-01,10817000
2020-02-02,10765000
2020-02-03,10765000
2020-02-04,10645000
2020-02-05,11050000
2020-02-06,11271000
2020-02-07,11499000
2020-02-08,11579000
2020-02-09,11837000
2020-02-10,11527000
2020-02-11,11783000
2020-02-12,11805000
2020-02-13,11802000
2020-02-14,11864000
2020-02-15,11496000
2020-02-16,11650000
2020-02-17,11431000
2020-02-18,11835000
2020-02-19,11422000
2020-02-20,11527000
2020-02-21,11500000
2020-02-22,11483000
2020-02-23,11748000
2020-02-24,11625000
2020-02-25,11327000
2020-02-26,10727000
2020-02-27,10686000
2020-02-28,10558000
2020-02-29,10378000
2020-03-01,10358000
2020-03-02,10673000
2020-03-03,10508000
2020-03-04,10489000
2020-03-05,10786000
2020-03-06,10854000
2020-03-07,10690000
2020-03-08,9866000
2020-03-09,9729000
2020-03-10,9546000
2020-03-11,9514000
2020-03-12,6360000
2020-03-13,7267000
2020-03-14,6818000
2020-03-15,6902000
2020-03-16,6377000
2020-03-17,6770000
2020-03-18,6738000
2020-03-19,7673000
2020-03-20,7785000
2020-03-21,7744000
2020-03-22,7378000
2020-03-23,8049000
2020-03-24,8360000
2020-03-25,8270000
2020-03-26,8274000
2020-03-27,7885000
2020-03-28,7652000
2020-03-29,7219000
2020-03-30,7794000
2020-03-31,7795000
2020-04-01,8067000
2020-04-02,8175000
2020-04-03,8154000
2020-04-04,8249000
2020-04-05,8184000
2020-04-06,8797000
2020-04-07,8647000
2020-04-08,8828000
2020-04-09,8811000
2020-04-10,8414000
2020-04-11,8465000
2020-04-12,8468000
2020-04-13,8388000
2020-04-14,8378000
2020-04-15,8111000
2020-04-16,8560000
2020-04-17,8527000
2020-04-18,8714000
2020-04-19,8660000
2020-04-20,8385000
2020-04-21,8407000
2020-04-22,8642000
2020-04-23,9050000
2020-04-24,9101000
2020-04-25,9164000
2020-04-26,9364000
2020-04-27,9485000
2020-04-28,9413000
2020-04-29,10540000
2020-04-30,10470000
2020-05-01,10764000
2020-05-02,10881000
2020-05-03,10888000
2020-05-04,10845000
2020-05-05,10980000
2020-05-06,11272000
2020-05-07,12004000
2020-05-08,11878000
2020-05-09,11533000
2020-05-10,10690000
2020-05-11,10437000
2020-05-12,10683000
2020-05-13,11270000
2020-05-14,11787000
2020-05-15,11326000
2020-05-16,11318000
2020-05-17,11614000
2020-05-18,11686000
2020-05-19,11728000
2020-05-20,11516000
2020-05-21,11094000
2020-05-22,11122000
2020-05-23,11132000
2020-05-24,10655000
2020-05-25,10821000
2020-05-26,10737000
2020-05-27,11160000
2020-05-28,11570000
2020-05-29,11405000
2020-05-30,11579000
2020-05-31,11442000
2020-06-01,12073000
2020-06-02,11522000
2020-06-03,11650000
2020-06-04,11786000
2020-06-05,11602000
2020-06-06,11628000
2020-06-07,11680000
2020-06-08,11680000
2020-06-09,11686000
2020-06-10,11735000
2020-06-11,11086000
2020-06-12,11386000
2020-06-13,11393000
2020-06-14,11243000
2020-06-15,11335000
2020-06-16,11453000
2020-06-17,11426000
2020-06-18,11336000
2020-06-19,11280000
2020-06-20,11314000
2020-06-21,11236000
2020-06-22,11597000
2020-06-23,11495000
2020-06-24,11222000
2020-06-25,11139000
2020-06-26,11027000
2020-06-27,10908000
2020-06-28,10969000
2020-06-29,10970000
2020-06-30,10914000
2020-07-01,11043000
2020-07-02,10867000
2020-07-03,10834000
2020-07-04,10887000
2020-07-05,10825000
2020-07-06,11045000
2020-07-07,10971000
2020-07-08,11128000
2020-07-09,10950000
2020-07-10,11034000
2020-07-11,10968000
2020-07-12,11023000
2020-07-13,11000000
2020-07-14,11006000
2020-07-15,10975000
2020-07-16,10929000
2020-07-17,10927000
2020-07-18,10913000
2020-07-19,10937000
2020-07-20,10943000
2020-07-21,11120000
2020-07-22,11261000
2020-07-23,11330000
2020-07-24,11334000
2020-07-25,11470000
2020-07-26,11700000
2020-07-27,12918000
2020-07-28,12761000
2020-07-29,13116000
2020-07-30,13100000
2020-07-31,13408000
2020-08-01,13927000
2020-08-02,13034000
2020-08-03,13273000
2020-08-04,13310000
2020-08-05,13851000
2020-08-06,13862000
2020-08-07,13761000
2020-08-08,13875000
2020-08-09,13813000
2020-08-10,13999000
2020-08-11,13610000
2020-08-12,13681000
2020-08-13,13817000
2020-08-14,13830000
2020-08-15,13874000
2020-08-16,13889000
2020-08-17,14181000
2020-08-18,14004000
2020-08-19,13875000
2020-08-20,13944000
2020-08-21,13774000
2020-08-22,13841000
2020-08-23,13801000
2020-08-24,13853000
2020-08-25,13475000
2020-08-26,13538000
2020-08-27,13402000
2020-08-28,13521000
2020-08-29,13432000
2020-08-30,13655000
2020-08-31,13732000
2020-09-01,13965000
2020-09-02,13579000
2020-09-03,12295000
2020-09-04,12624000
2020-09-05,12368000
2020-09-06,12347000
2020-09-07,12366000
2020-09-08,12122000
2020-09-09,12160000
2020-09-10,12320000
2020-09-11,12335000
2020-09-12,12360000
2020-09-13,12371000
2020-09-14,12633000
2020-09-15,12802000
2020-09-16,12897000
2020-09-17,12786000
2020-09-18,12762000
2020-09-19,12919000
2020-09-20,12823000
2020-09-21,12271000
2020-09-22,12329000
2020-09-23,11949000
2020-09-24,12496000
2020-09-25,12441000
2020-09-26,12491000
2020-09-27,12500000
2020-09-28,12452000
2020-09-29,12598000
2020-09-30,12547000
2020-10-01,12435000
2020-10-02,12432000
2020-10-03,12385000
2020-10-04,12455000
2020-10-05,12529000
2020-10-06,12410000
2020-10-07,12410000
2020-10-08,12566000
2020-10-09,12624000
2020-10-10,12851000
2020-10-11,12925000
2020-10-12,13180000
2020-10-13,13109000
2020-10-14,13149000
2020-10-15,13220000
2020-10-16,13033000
2020-10-17,13060000
2020-10-18,13201000
2020-10-19,13398000
2020-10-20,13644000
2020-10-21,14408000
2020-10-22,14575000
2020-10-23,14565000
2020-10-24,14753000
2020-10-25,14688000
2020-10-26,14746000
2020-10-27,15291000
2020-10-28,15062000
2020-10-29,15202000
2020-10-30,15338000
2020-10-31,15620000
2020-11-01,15560000
2020-11-02,15399000
2020-11-03,15861000
2020-11-04,15962000
2020-11-05,17376000
2020-11-06,17385000
2020-11-07,16650000
2020-11-08,17295000
2020-11-09,17102000
2020-11-10,17015000
2020-11-11,17405000
2020-11-12,17969000
2020-11-13,17976000
2020-11-14,17792000
2020-11-15,17679000
2020-11-16,18264000
2020-11-17,19350000
2020-11-18,19713000
2020-11-19,19799000
2020-11-20,20636000
2020-11-21,20371000
2020-11-22,20292000
2020-11-23,20110000
2020-11-24,20949000
2020-11-25,20836000
2020-11-26,19242000
2020-11-27,19118000
2020-11-28,19469000
2020-11-29,20002000
2020-11-30,21302000
2020-12-01,20866000
2020-12-02,21083000
2020-12-03,21168000
2020-12-04,20534000
2020-12-05,20798000
2020-12-06,20969000
2020-12-07,20855000
2020-12-08,20025000
2020-12-09,20262000
2020-12-10,19925000
2020-12-11,19659000
2020-12-12,20573000
2020-12-13,20782000
2020-12-14,20941000
2020-12-15,21090000
2020-12-16,22907000
2020-12-17,24689000
2020-12-18,25150000
2020-12-19,26183000
2020-12-20,25893000
2020-12-21,25329000
2020-12-22,26777000
2020-12-23,26383000
2020-12-24,26476000
2020-12-25,27137000
2020-12-26,29394000
2020-12-27,29365000
2020-12-28,30198000
2020-12-29,30450000
2020-12-30,31886000
2020-12-31,32023000
2021-01-01,32326000
2021-01-02,35707000
2021-01-03,37528000
2021-01-04,36487000
2021-01-05,37965000
2021-01-06,40732000
2021-01-07,44598000
2021-01-08,47268000
2021-01-09,45603000
2021-01-10,43400000
2021-01-11,40362000
2021-01-12,38481000
2021-01-13,41428000
2021-01-14,42742000
2021-01-15,41011000
2021-01-16,40065000
2021-01-17,39562000
2021-01-18,40011000
2021-01-19,39420000
2021-01-20,39253000
2021-01-21,34401000
2021-01-22,36360000
2021-01-23,35495000
2021-01-24,35545000
2021-01-25,36021000
2021-01-26,35950000
2021-01-27,34315000
2021-01-28,36635000
2021-01-29,37494000
2021-01-30,36990000
2021-01-31,36354000
2021-02-01,36518000
2021-02-02,37903000
2021-02-03,39361000
2021-02-04,39808000
2021-02-05,40475000
2021-02-06,41713000
2021-02-07,42098000
2021-02-08,49131000
2021-02-09,48641000
2021-02-10,48580000
2021-02-11,51482000
2021-02-12,50820000
2021-02-13,50561000
2021-02-14,52665000
2021-02-15,52490000
2021-02-16,54748000
2021-02-17,57543000
2021-02-18,57774000
2021-02-19,63598000
2021-02-20,64167000
2021-02-21,65407000
2021-02-22,61712000
2021-02-23,55088000
2021-02-24,56522000
2021-02-25,53929000
2021-02-26,53591000
2021-02-27,53447000
2021-02-28,51798000
2021-03-01,56374000
2021-03-02,55989000
2021-03-03,57794000
2021-03-04,56325000
2021-03-05,56517000
2021-03-06,56100000
2021-03-07,58018000
2021-03-08,59798000
2021-03-09,62935000
2021-03-10,64206000
2021-03-11,66096000
2021-03-12,66455000
2021-03-13,70590000
2021-03-14,68567000
2021-03-15,64414000
2021-03-16,66007000
2021-03-17,68349000
2021-03-18,66940000
2021-03-19,67704000
2021-03-20,67473000
2021-03-21,67100000
2021-03-22,64453000
2021-03-23,65330000
2021-03-24,64688000
2021-03-25,63143000
2021-03-26,65601000
2021-03-27,66444000
2021-03-28,67034000
2021-03-29,68407000
2021-03-30,70470000
2021-03-31,71001000
2021-04-01,72265000
2021-04-02,73688000
2021-04-03,72075000
2021-04-04,73923000
2021-04-05,78320000
2021-04-06,77706000
2021-04-07,72980000
2021-04-08,75186000
2021-04-09,75655000
2021-04-10,78308000
2021-04-11,78518000
2021-04-12,77974000
2021-04-13,80676000
2021-04-14,80159000
2021-04-15,79424000
2021-04-16,79212000
2021-04-17,77994000
2021-04-18,75810000
2021-04-19,70949000
2021-04-20,70288000
2021-04-21,67878000
2021-04-22,59499000
2021-04-23,61308000
2021-04-24,60844000
2021-04-25,59700000
2021-04-26,64246000
2021-04-27,64771000
2021-04-28,64116000
2021-04-29,63741000
2021-04-30,68052000
2021-05-01,68906000
2021-05-02,68334000
2021-05-03,69829000
2021-05-04,66656000
2021-05-05,68610000
2021-05-06,68401000
2021-05-07,68605000
2021-05-08,71709000
2021-05-09,71309000
2021-05-10,70685000
2021-05-11,69552000
2021-05-12,61149000
2021-05-13,62876000
2021-05-14,61527000
2021-05-15,58217000
2021-05-16,57546000
2021-05-17,54063000
2021-05-18,53132000
2021-05-19,50239000
2021-05-20,51214000
2021-05-21,48930000
2021-05-22,47276000
2021-05-23,42551000
2021-05-24,47233000
2021-05-25,47011000
2021-05-26,47285000
2021-05-27,46523000
2021-05-28,43614000
2021-05-29,42660000
2021-05-30,43143000
2021-05-31,43661000
2021-06-01,43208000
2021-06-02,43710000
2021-06-03,45476000
2021-06-04,42945000
2021-06-05,41952000
2021-06-06,41773000
2021-06-07,38952000
2021-06-08,38530000
2021-06-09,43233000
2021-06-10,42770000
2021-06-11,43596000
2021-06-12,41384000
2021-06-13,44791000
2021-06-14,46548000
2021-06-15,46373000
2021-06-16,45234000
2021-06-17,44812000
2021-06-18,42560000
2021-06-19,42039000
2021-06-20,41858000
2021-06-21,37250000
2021-06-22,37826000
2021-06-23,39093000
2021-06-24,40171000
2021-06-25,37117000
2021-06-26,37690000
2021-06-27,39989000
2021-06-28,40001000
2021-06-29,41535000
2021-06-30,40685000
2021-07-01,39357000
2021-07-02,39413000
2021-07-03,40310000
2021-07-04,40931000
2021-07-05,39471000
2021-07-06,39840000
2021-07-07,39698000
2021-07-08,39009000
2021-07-09,39825000
2021-07-10,39591000
2021-07-11,40167000
2021-07-12,39135000
2021-07-13,38766000
2021-07-14,38585000
2021-07-15,37598000
2021-07-16,37126000
2021-07-17,37200000
2021-07-18,37620000
2021-07-19,36711000
2021-07-20,35256000
2021-07-21,38020000
2021-07-22,37910000
2021-07-23,39170000
2021-07-24,40134000
2021-07-25,41086000
2021-07-26,43075000
2021-07-27,45547000
2021-07-28,46344000
2021-07-29,45980000
2021-07-30,48560000
2021-07-31,48050000
2021-08-01,46225000
2021-08-02,45430000
2021-08-03,44859000
2021-08-04,45772000
2021-08-05,47132000
2021-08-06,49380000
2021-08-07,51046000
2021-08-08,50771000
2021-08-09,52963000
2021-08-10,52322000
2021-08-11,52526000
2021-08-12,52058000
2021-08-13,55300000
2021-08-14,54906000
2021-08-15,54634000
2021-08-16,53835000
2021-08-17,52567000
2021-08-18,52684000
2021-08-19,54945000
2021-08-20,57646000
2021-08-21,57500000
2021-08-22,57665000
2021-08-23,57723000
2021-08-24,56082000
2021-08-25,57154000
2021-08-26,55235000
2021-08-27,57424000
2021-08-28,57400000
2021-08-29,57249000
2021-08-30,55607000
2021-08-31,55156000
2021-09-01,56506000
2021-09-02,57270000
2021-09-03,57825000
2021-09-04,57897000
2021-09-05,59280000
2021-09-06,60860000
2021-09-07,56634000
2021-09-08,55623000
2021-09-09,55854000
2021-09-10,54938000
2021-09-11,54727000
2021-09-12,55055000
2021-09-13,54286000
2021-09-14,56572000
2021-09-15,57095000
2021-09-16,57248000
2021-09-17,57620000
2021-09-18,58580000
2021-09-19,57998000
2021-09-20,53836000
2021-09-21,50674000
2021-09-22,53829000
2021-09-23,54363000
2021-09-24,52160000
2021-09-25,52319000
2021-09-26,52773000
2021-09-27,51692000
2021-09-28,50247000
2021-09-29,50793000
2021-09-30,53475000
2021-10-01,58380000
2021-10-02,58092000
2021-10-03,58474000
2021-10-04,59915000
2021-10-05,61800000
2021-10-06,67122000
2021-10-07,65436000
2021-10-08,66025000
2021-10-09,67060000
2021-10-10,67698000
2021-10-11,70954000
2021-10-12,69210000
2021-10-13,69918000
2021-10-14,69753000
2021-10-15,75688000
2021-10-16,74804000
2021-10-17,75961000
2021-10-18,76446000
2021-10-19,78694000
2021-10-20,79643000
2021-10-21,76233000
2021-10-22,74283000
2021-10-23,74875000
2021-10-24,74466000
2021-10-25,76280000
2021-10-26,73019000
2021-10-27,71610000
2021-10-28,72957000
2021-10-29,74639000
2021-10-30,73700000
2021-10-31,72584000
2021-11-01,72421000
2021-11-02,74142000
2021-11-03,74650000
2021-11-04,73777000
2021-11-05,74077000
2021-11-06,74561000
2021-11-07,76684000
2021-11-08,81505000
2021-11-09,80731000
2021-11-10,79465000
2021-11-11,78806000
2021-11-12,78136000
2021-11-13,77860000
2021-11-14,79362000
2021-11-15,77558000
2021-11-16,73888000
2021-11-17,73951000
2021-11-18,70434000
2021-11-19,71778000
2021-11-20,73780000
2021-11-21,72926000
2021-11-22,70402000
2021-11-23,71611000
2021-11-24,71637000
2021-11-25,73141000
2021-11-26,68354000
2021-11-27,70108000
2021-11-28,72299000
2021-11-29,72203000
2021-11-30,70550000
2021-12-01,70915000
2021-12-02,70362000
2021-12-03,67962000
2021-12-04,62012000
2021-12-05,61741000
2021-12-06,62588000
2021-12-07,63063000
2021-12-08,62073000
2021-12-09,59265000
2021-12-10,59710000
2021-12-11,61431000
2021-12-12,61933000
2021-12-13,58467000
2021-12-14,59765000
2021-12-15,61046000
2021-12-16,59596000
2021-12-17,57912000
2021-12-18,58310000
2021-12-19,58268000
2021-12-20,57807000
2021-12-21,59951000
2021-12-22,59610000
2021-12-23,61480000
2021-12-24,61903000
2021-12-25,61141000
2021-12-26,61404000
2021-12-27,61362000
2021-12-28,58265000
2021-12-29,56989000
2021-12-30,57155000
2021-12-31,56643000
2022-01-01,57988000
2022-01-02,57496000
2022-01-03,56625000
2022-01-04,56030000
2022-01-05,53762000
2022-01-06,53244000
2022-01-07,51356000
2022-01-08,52139000
2022-01-09,51700000
2022-01-10,51173000
2022-01-11,52334000
2022-01-12,53332000
2022-01-13,51758000
2022-01-14,52219000
2022-01-15,52281000
2022-01-16,52107000
2022-01-17,51454000
2022-01-18,51121000
2022-01-19,50258000
2022-01-20,49600000
2022-01-21,45222000
2022-01-22,43440000
2022-01-23,44275000
2022-01-24,44741000
2022-01-25,44880000
2022-01-26,45032000
2022-01-27,45750000
2022-01-28,46598000
2022-01-29,47223000
2022-01-30,47161000
2022-01-31,47199000
2022-02-01,47762000
2022-02-02,45429000
2022-02-03,45768000
2022-02-04,50595000
2022-02-05,50734000
2022-02-06,51757000
2022-02-07,53461000
2022-02-08,53711000
2022-02-09,53564000
2022-02-10,53019000
2022-02-11,51808000
2022-02-12,51597000
2022-02-13,51459000
2022-02-14,51620000
2022-02-15,53706000
2022-02-16,53157000
2022-02-17,49267000
2022-02-18,48945000
2022-02-19,49046000
2022-02-20,47069000
2022-02-21,45337000
2022-02-22,46432000
2022-02-23,45430000
2022-02-24,46795000
2022-02-25,47807000
2022-02-26,47779000
2022-02-27,46281000
2022-02-28,52185000
2022-03-01,53779000
2022-03-02,53398000
2022-03-03,51782000
2022-03-04,48411000
2022-03-05,48620000
2022-03-06,47744000
2022-03-07,47385000
2022-03-08,48180000
2022-03-09,51570000
2022-03-10,48883000
2022-03-11,48252000
2022-03-12,48485000
2022-03-13,47430000
2022-03-14,49156000
2022-03-15,48590000
2022-03-16,50450000
2022-03-17,50060000
2022-03-18,50740000
2022-03-19,51218000
2022-03-20,50511000
2022-03-21,50102000
2022-03-22,51785000
2022-03-23,52150000
2022-03-24,52884000
2022-03-25,53868000
2022-03-26,54002000
2022-03-27,55930000
2022-03-28,56884000
2022-03-29,57044000
2022-03-30,56699000
2022-03-31,55457000
2022-04-01,56492000
2022-04-02,56052000
2022-04-03,56650000
2022-04-04,57023000
2022-04-05,56133000
2022-04-06,53036000
2022-04-07,53797000
2022-04-08,52888000
2022-04-09,53263000
2022-04-10,52779000
2022-04-11,49883000
2022-04-12,50420000
2022-04-13,51394000
2022-04-14,49946000
2022-04-15,50714000
2022-04-16,50438000
2022-04-17,49862000
2022-04-18,50773000
2022-04-19,51444000
2022-04-20,51420000
2022-04-21,50863000
2022-04-22,49944000
2022-04-23,49723000
2022-04-24,49618000
2022-04-25,50622000
2022-04-26,48716000
2022-04-27,49919000
2022-04-28,50541000
2022-04-29,49735000
2022-04-30,49231000
2022-05-01,49353000
2022-05-02,49451000
2022-05-03,48702000
2022-05-04,50612000
2022-05-05,47575000
2022-05-06,46982000
2022-05-07,46469000
2022-05-08,44663000
2022-05-09,40670000
2022-05-10,40872000
2022-05-11,39516000
2022-05-12,38575000
2022-05-13,38990000
2022-05-14,39885000
2022-05-15,40884000
2022-05-16,39150000
2022-05-17,39166000
2022-05-18,36884000
2022-05-19,38758000
2022-05-20,37743000
2022-05-21,38001000
2022-05-22,38937000
2022-05-23,37326000
2022-05-24,37752000
2022-05-25,37863000
2022-05-26,37599000
2022-05-27,36805000
2022-05-28,36996000
2022-05-29,37427000
2022-05-30,39593000
2022-05-31,39900000
2022-06-01,37863000
2022-06-02,38327000
2022-06-03,37843000
2022-06-04,37918000
2022-06-05,38016000
2022-06-06,39569000
2022-06-07,39364000
2022-06-08,38508000
2022-06-09,38252000
2022-06-10,37652000
2022-06-11,37078000
2022-06-12,34610000
2022-06-13,29303000
2022-06-14,28821000
2022-06-15,29199000
2022-06-16,26807000
2022-06-17,26971000
2022-06-18,25024000
2022-06-19,26661000
2022-06-20,26642000
2022-06-21,26997000
2022-06-22,26168000
2022-06-23,27409000
2022-06-24,27612000
2022-06-25,27847000
2022-06-26,27428000
2022-06-27,27031000
2022-06-28,26560000
2022-06-29,26530000
2022-06-30,26010000
2022-07-01,25529000
2022-07-02,25433000
2022-07-03,25432000
2022-07-04,26424000
2022-07-05,26527000
2022-07-06,26947000
2022-07-07,28132000
2022-07-08,28263000
2022-07-09,28215000
2022-07-10,27335000
2022-07-11,26450000
2022-07-12,25708000
2022-07-13,26606000
2022-07-14,27108000
2022-07-15,27593000
2022-07-16,27864000
2022-07-17,27497000
2022-07-18,29391000
2022-07-19,30696000
2022-07-20,30497000
2022-07-21,30450000
2022-07-22,30058000
2022-07-23,29716000
2022-07-24,29805000
2022-07-25,28511000
2022-07-26,28382000
2022-07-27,30188000
2022-07-28,31222000
2022-07-29,31436000
2022-07-30,31262000
2022-07-31,30745000
2022-08-01,30862000
2022-08-02,30783000
2022-08-03,30675000
2022-08-04,30311000
2022-08-05,30773000
2022-08-06,30501000
2022-08-07,30708000
2022-08-08,31466000
2022-08-09,31019000
2022-08-10,31599000
2022-08-11,31808000
2022-08-12,32370000
2022-08-13,32591000
2022-08-14,32598000
2022-08-15,32434000
2022-08-16,32081000
2022-08-17,31559000
2022-08-18,31714000
2022-08-19,28592000
2022-08-20,29350000
2022-08-21,29461000
2022-08-22,29228000
2022-08-23,29263000
2022-08-24,29086000
2022-08-25,29263000
2022-08-26,27904000
2022-08-27,27737000
2022-08-28,27067000
2022-08-29,27786000
2022-08-30,27261000
2022-08-31,27510000
2022-09-01,27602000
2022-09-02,27560000
2022-09-03,27410000
2022-09-04,27518000
2022-09-05,27297000
2022-09-06,26353000
2022-09-07,26784000
2022-09-08,26879000
2022-09-09,29358000
2022-09-10,29755000
2022-09-11,30036000
2022-09-12,30694000
2022-09-13,28378000
2022-09-14,28360000
2022-09-15,28008000
2022-09-16,27903000
2022-09-17,28170000
2022-09-18,27478000
2022-09-19,27579000
2022-09-20,26725000
2022-09-21,26560000
2022-09-22,27571000
2022-09-23,27568000
2022-09-24,27253000
2022-09-25,27068000
2022-09-26,27610000
2022-09-27,27533000
2022-09-28,27946000
2022-09-29,27989000
2022-09-30,27937000
2022-10-01,27890000
2022-10-02,27698000
2022-10-03,28293000
2022-10-04,28985000
2022-10-05,28715000
2022-10-06,28414000
2022-10-07,27795000
2022-10-08,27753000
2022-10-09,27668000
2022-10-10,27424000
2022-10-11,27351000
2022-10-12,27459000
2022-10-13,27791000
2022-10-14,27651000
2022-10-15,27548000
2022-10-16,27680000
2022-10-17,28023000
2022-10-18,27790000
2022-10-19,27644000
2022-10-20,27484000
2022-10-21,27592000
2022-10-22,27605000
2022-10-23,27993000
2022-10-24,27775000
2022-10-25,28473000
2022-10-26,29087000
2022-10-27,28572000
2022-10-28,28937000
2022-10-29,29123000
2022-10-30,28971000
2022-10-31,28789000
2022-11-01,28762000
2022-11-02,28676000
2022-11-03,28737000
2022-11-04,29393000
2022-11-05,29775000
2022-11-06,29452000
2022-11-07,28983000
2022-11-08,26645000
2022-11-09,22959000
2022-11-10,24783000
2022-11-11,23659000
2022-11-12,23356000
2022-11-13,22475000
2022-11-14,22680000
2022-11-15,22990000
2022-11-16,22954000
2022-11-17,22946000
2022-11-18,23057000
2022-11-19,23048000
2022-11-20,22760000
2022-11-21,22196000
2022-11-22,22555000
2022-11-23,22952000
2022-11-24,22712000
2022-11-25,22673000
2022-11-26,22661000
2022-11-27,22646000
2022-11-28,22319000
2022-11-29,22411000
2022-11-30,23212000
2022-12-01,23009000
2022-12-02,22886000
2022-12-03,22826000
2022-12-04,22918000
2022-12-05,22736000
2022-12-06,22824000
2022-12-07,22540000
2022-12-08,22907000
2022-12-09,22858000
2022-12-10,22826000
2022-12-11,22770000
2022-12-12,22835000
2022-12-13,23166000
2022-12-14,23262000
2022-12-15,22949000
2022-12-16,22236000
2022-12-17,22250000
2022-12-18,22220000
2022-12-19,21648000
2022-12-20,22008000
2022-12-21,21913000
2022-12-22,21878000
2022-12-23,21851000
2022-12-24,21945000
2022-12-25,21824000
2022-12-26,21683000
2022-12-27,21326000
2022-12-28,21048000
2022-12-29,21200000
2022-12-30,21092000
2022-12-31,21081000
2023-01-01,21122000
2023-01-02,21198000
2023-01-03,21355000
2023-01-04,21584000
2023-01-05,21570000
2023-01-06,21505000
2023-01-07,21561000
2023-01-08,21712000
2023-01-09,21658000
2023-01-10,21924000
2023-01-11,22477000
2023-01-12,23576000
2023-01-13,24833000
2023-01-14,25915000
2023-01-15,25871000
2023-01-16,26373000
2023-01-17,26255000
2023-01-18,25734000
2023-01-19,26218000
2023-01-20,28008000
2023-01-21,28333000
2023-01-22,28428000
2023-01-23,28640000
2023-01-24,28354000
2023-01-25,28760000
2023-01-26,28928000
2023-01-27,28973000
2023-01-28,29061000
2023-01-29,29664000
2023-01-30,28703000
2023-01-31,29052000
2023-02-01,29624000
2023-02-02,29570000
2023-02-03,29425000
2023-02-04,29406000
2023-02-05,28981000
2023-02-06,29226000
2023-02-07,29417000
2023-02-08,29283000
2023-02-09,28147000
2023-02-10,28127000
2023-02-11,28351000
2023-02-12,28265000
2023-02-13,28315000
2023-02-14,28795000
2023-02-15,31168000
2023-02-16,30391000
2023-02-17,31618000
2023-02-18,31764000
2023-02-19,31437000
2023-02-20,31920000
2023-02-21,31760000
2023-02-22,31629000
2023-02-23,31358000
2023-02-24,30840000
2023-02-25,30943000
2023-02-26,31261000
2023-02-27,31240000
2023-02-28,30979000
2023-03-01,31105000
2023-03-02,31096000
2023-03-03,29693000
2023-03-04,29820000
2023-03-05,29985000
2023-03-06,29746000
2023-03-07,29514000
2023-03-08,28997000
2023-03-09,27554000
2023-03-10,27332000
2023-03-11,27714000
2023-03-12,29195000
2023-03-13,31677000
2023-03-14,32481000
2023-03-15,32526000
2023-03-16,33287000
2023-03-17,36151000
2023-03-18,35741000
2023-03-19,37261000
2023-03-20,37256000
2023-03-21,37202000
2023-03-22,36340000
2023-03-23,37268000
2023-03-24,36726000
2023-03-25,36724000
2023-03-26,37159000
2023-03-27,36105000
2023-03-28,36014000
2023-03-29,37389000
2023-03-30,37160000
2023-03-31,37530000
2023-04-01,37580000
2023-04-02,37263000
2023-04-03,36809000
2023-04-04,37167000
2023-04-05,37143000
2023-04-06,37071000
2023-04-07,36982000
2023-04-08,37079000
2023-04-09,37342000
2023-04-10,38945000
2023-04-11,40000000
2023-04-12,39686000
2023-04-13,39917000
2023-04-14,39829000
2023-04-15,39831000
2023-04-16,39584000
2023-04-17,38708000
2023-04-18,39599000
2023-04-19,38296000
2023-04-20,37612000
2023-04-21,36308000
2023-04-22,37205000
2023-04-23,36799000
2023-04-24,36768000
2023-04-25,37878000
2023-04-26,38022000
2023-04-27,39297000
2023-04-28,39077000
2023-04-29,38955000
2023-04-30,39183000
2023-05-01,37746000
2023-05-02,38391000
2023-05-03,38727000
2023-05-04,38559000
2023-05-05,39098000
2023-05-06,38645000
2023-05-07,38148000
2023-05-08,37230000
2023-05-09,37160000
2023-05-10,37026000
2023-05-11,36358000
2023-05-12,36311000
2023-05-13,36374000
2023-05-14,36398000
2023-05-15,36624000
2023-05-16,36389000
2023-05-17,36721000
2023-05-18,36191000
2023-05-19,36159000
2023-05-20,36401000
2023-05-21,36027000
2023-05-22,35924000
2023-05-23,36324000
2023-05-24,35401000
2023-05-25,35533000
2023-05-26,35746000
2023-05-27,35854000
2023-05-28,37345000
2023-05-29,36961000
2023-05-30,36869000
2023-05-31,36347000
2023-06-01,35805000
2023-06-02,36092000
2023-06-03,35872000
2023-06-04,35866000
2023-06-05,34300000
2023-06-06,35824000
2023-06-07,34916000
2023-06-08,34937000
2023-06-09,34821000
2023-06-10,34329000
2023-06-11,34307000
2023-06-12,34054000
2023-06-13,33880000
2023-06-14,32939000
2023-06-15,33401000
2023-06-16,34493000
2023-06-17,34752000
2023-06-18,34408000
2023-06-19,35071000
2023-06-20,36953000
2023-06-21,39143000
2023-06-22,39103000
2023-06-23,40640000
2023-06-24,40643000
2023-06-25,40350000
2023-06-26,40059000
2023-06-27,40537000
2023-06-28,39963000
2023-06-29,40579000
2023-06-30,40560000
2023-07-01,40710000
2023-07-02,40619000
2023-07-03,41149000
2023-07-04,40599000
2023-07-05,40394000
2023-07-06,39860000
2023-07-07,40206000
2023-07-08,40110000
2023-07-09,39787000
2023-07-10,40042000
2023-07-11,40101000
2023-07-12,39782000
2023-07-13,39938000
2023-07-14,39061000
2023-07-15,38883000
2023-07-16,38941000
2023-07-17,38719000
2023-07-18,38338000
2023-07-19,38307000
2023-07-20,38531000
2023-07-21,38862000
2023-07-22,38781000
2023-07-23,38989000
2023-07-24,37910000
2023-07-25,37900000
2023-07-26,37913000
2023-07-27,37852000
2023-07-28,37952000
2023-07-29,37902000
2023-07-30,37885000
2023-07-31,37935000
2023-08-01,38627000
2023-08-02,38330000
2023-08-03,38443000
2023-08-04,38502000
2023-08-05,38470000
2023-08-06,38595000
2023-08-07,38603000
2023-08-08,39439000
2023-08-09,39204000
2023-08-10,39087000
2023-08-11,39227000
2023-08-12,39282000
2023-08-13,39092000
2023-08-14,39264000
2023-08-15,39399000
2023-08-16,38984000
2023-08-17,36599000
2023-08-18,35866000
2023-08-19,36023000
2023-08-20,35933000
2023-08-21,35739000
2023-08-22,35650000
2023-08-23,35888000
2023-08-24,35559000
2023-08-25,35425000
2023-08-26,35351000
2023-08-27,35367000
2023-08-28,35268000
2023-08-29,37347000
2023-08-30,37022000
2023-08-31,35442000
2023-09-01,35319000
2023-09-02,35142000
2023-09-03,35252000
2023-09-04,34951000
2023-09-05,35019000
2023-09-06,34965000
2023-09-07,35616000
2023-09-08,35224000
2023-09-09,35231000
2023-09-10,35180000
2023-09-11,34277000
2023-09-12,35014000
2023-09-13,35456000
2023-09-14,35826000
2023-09-15,35880000
2023-09-16,35934000
2023-09-17,35745000
2023-09-18,35946000
2023-09-19,36473000
2023-09-20,36506000
2023-09-21,35973000
2023-09-22,35931000
2023-09-23,35939000
2023-09-24,35524000
2023-09-25,35459000
2023-09-26,35530000
2023-09-27,35986000
2023-09-28,36593000
2023-09-29,36443000
2023-09-30,36598000
2023-10-01,37800000
2023-10-02,37417000
2023-10-03,37232000
2023-10-04,37604000
2023-10-05,37237000
2023-10-06,37825000
2023-10-07,37939000
2023-10-08,37942000
2023-10-09,37599000
2023-10-10,37341000
2023-10-11,36676000
2023-10-12,36725000
2023-10-13,36929000
2023-10-14,36754000
2023-10-15,37100000
2023-10-16,38702000
2023-10-17,38669000
2023-10-18,38697000
2023-10-19,38909000
2023-10-20,40236000
2023-10-21,40389000
2023-10-22,40353000
2023-10-23,44190000
2023-10-24,45613000
2023-10-25,46497000
2023-10-26,46173000
2023-10-27,45996000
2023-10-28,46354000
2023-10-29,46823000
2023-10-30,46727000
2023-10-31,47036000
2023-11-01,48074000
2023-11-02,47504000
2023-11-03,46657000
2023-11-04,47040000
2023-11-05,47034000
2023-11-06,46789000
2023-11-07,47325000
2023-11-08,47424000
2023-11-09,49383000
2023-11-10,50070000
2023-11-11,49674000
2023-11-12,49419000
2023-11-13,49112000
2023-11-14,47996000
2023-11-15,50462000
2023-11-16,48873000
2023-11-17,49389000
2023-11-18,49166000
2023-11-19,49786000
2023-11-20,50149000
2023-11-21,48442000
2023-11-22,49993000
2023-11-23,49885000
2023-11-24,50574000
2023-11-25,50528000
2023-11-26,50224000
2023-11-27,50242000
2023-11-28,50500000
2023-11-29,50714000
2023-11-30,50541000
2023-12-01,51718000
2023-12-02,52596000
2023-12-03,53707000
2023-12-04,56822000
2023-12-05,60242000
2023-12-06,60191000
2023-12-07,59151000
2023-12-08,60132000
2023-12-09,60038000
2023-12-10,59822000
2023-12-11,56861000
2023-12-12,57510000
2023-12-13,58950000
2023-12-14,58558000
2023-12-15,57908000
2023-12-16,57841000
2023-12-17,56649000
2023-12-18,58058000
2023-12-19,57717000
2023-12-20,59200000
2023-12-21,59355000
2023-12-22,59502000
2023-12-23,59201000
2023-12-24,58022000
2023-12-25,58073000
2023-12-26,56999000
2023-12-27,57917000
2023-12-28,56819000
2023-12-29,56432000
2023-12-30,56650000
2023-12-31,57074000
2024-01-01,58866000
2024-01-02,60254000
2024-01-03,58532000
2024-01-04,59477000
2024-01-05,59363000
2024-01-06,59312000
2024-01-07,59127000
2024-01-08,63018000
2024-01-09,61968000
2024-01-10,63553000
2024-01-11,63447000
2024-01-12,59246000
2024-01-13,58880000
2024-01-14,57247000
2024-01-15,58315000
2024-01-16,59144000
2024-01-17,58747000
2024-01-18,57214000
2024-01-19,57694000
2024-01-20,57475000
2024-01-21,57400000
2024-01-22,54623000
2024-01-23,55328000
2024-01-24,55115000
2024-01-25,55049000
2024-01-26,57550000
2024-01-27,58039000
2024-01-28,57857000
2024-01-29,59122000
2024-01-30,58898000
2024-01-31,58653000
2024-02-01,59081000
2024-02-02,59203000
2024-02-03,59225000
2024-02-04,58758000
2024-02-05,58804000
2024-02-06,59013000
2024-02-07,60243000
2024-02-08,61976000
2024-02-09,63700000
2024-02-10,64544000
2024-02-11,65267000
2024-02-12,67075000
2024-02-13,67376000
2024-02-14,70270000
2024-02-15,71178000
2024-02-16,72104000
2024-02-17,71487000
2024-02-18,71957000
2024-02-19,71721000
2024-02-20,72196000
2024-02-21,72266000
2024-02-22,71436000
2024-02-23,70831000
2024-02-24,71205000
2024-02-25,71272000
2024-02-26,74738000
2024-02-27,78518000
2024-02-28,87719000
2024-02-29,85940000
2024-03-01,87456000
2024-03-02,86402000
2024-03-03,87986000
2024-03-04,95587000
2024-03-05,90537000
2024-03-06,93175000
2024-03-07,93794000
2024-03-08,96100000
2024-03-09,96039000
2024-03-10,97576000
2024-03-11,100288000
2024-03-12,101071000
2024-03-13,103692000
2024-03-14,102130000
2024-03-15,100715000
2024-03-16,96215000
2024-03-17,99712000
2024-03-18,98618000
2024-03-19,91748000
2024-03-20,99195000
2024-03-21,94932000
2024-03-22,93372000
2024-03-23,92930000
2024-03-24,96586000
2024-03-25,99307000
2024-03-26,100035000
2024-03-27,99852000
2024-03-28,100877000
2024-03-29,99743000
2024-03-30,99755000
2024-03-31,101008000
2024-04-01,99993000
2024-04-02,96013000
2024-04-03,96236000
2024-04-04,99293000
2024-04-05,98329000
2024-04-06,99063000
2024-04-07,99440000
2024-04-08,102037000
2024-04-09,99300000
2024-04-10,100715000
2024-04-11,100395000
2024-04-12,99506000
2024-04-13,96890000
2024-04-14,98936000
2024-04-15,96232000
2024-04-16,95446000
2024-04-17,91160000
2024-04-18,93234000
2024-04-19,93300000
2024-04-20,94850000
2024-04-21,94771000
2024-04-22,97076000
2024-04-23,95963000
2024-04-24,93308000
2024-04-25,92653000
2024-04-26,91863000
2024-04-27,91398000
2024-04-28,90399000
2024-04-29,91251000
2024-04-30,86932000
2024-05-01,83378000
2024-05-02,83057000
2024-05-03,89222000
2024-05-04,90265000
2024-05-05,90111000
2024-05-06,88695000
2024-05-07,87532000
2024-05-08,85797000
2024-05-09,88071000
2024-05-10,85737000
2024-05-11,85703000
2024-05-12,86488000
2024-05-13,87871000
2024-05-14,86448000
2024-05-15,92110000
2024-05-16,90731000
2024-05-17,92677000
2024-05-18,93003000
2024-05-19,92124000
2024-05-20,97416000
2024-05-21,96765000
2024-05-22,95346000
2024-05-23,94837000
2024-05-24,95227000
2024-05-25,96149000
2024-05-26,95527000
2024-05-27,96040000
2024-05-28,94601000
2024-05-29,93846000
2024-05-30,94982000
2024-05-31,94491000
2024-06-01,94770000
2024-06-02,95009000
2024-06-03,95948000
2024-06-04,97540000
2024-06-05,98340000
2024-06-06,98320000
2024-06-07,97956000
2024-06-08,98046000
2024-06-09,97918000
2024-06-10,97223000
2024-06-11,95298000
2024-06-12,95840000
2024-06-13,94531000
2024-06-14,93943000
2024-06-15,93947000
2024-06-16,94221000
2024-06-17,93533000
2024-06-18,91701000
2024-06-19,91572000
2024-06-20,91720000
2024-06-21,90370000
2024-06-22,90827000
2024-06-23,89063000
2024-06-24,85361000
2024-06-25,87393000
2024-06-26,85940000
2024-06-27,86772000
2024-06-28,85122000
2024-06-29,85703000
2024-06-30,88001000
2024-07-01,88290000
2024-07-02,87278000
2024-07-03,85305000
2024-07-04,81594000
2024-07-05,81020000
2024-07-06,82781000
2024-07-07,79420000
2024-07-08,80489000
2024-07-09,82036000
2024-07-10,81769000
2024-07-11,81048000
2024-07-12,81501000
2024-07-13,82922000
2024-07-14,85418000
2024-07-15,91059000
2024-07-16,90941000
2024-07-17,89554000
2024-07-18,89910000
2024-07-19,93060000
2024-07-20,94200000
2024-07-21,95154000
2024-07-22,94401000
2024-07-23,92301000
2024-07-24,91464000
2024-07-25,92433000
2024-07-26,94700000
2024-07-27,94470000
2024-07-28,95300000
2024-07-29,93542000
2024-07-30,92810000
2024-07-31,90291000
2024-08-01,91827000
2024-08-02,86686000
2024-08-03,85931000
2024-08-04,81850000
2024-08-05,77715000
2024-08-06,80096000
2024-08-07,78321000
2024-08-08,86389000
2024-08-09,85543000
2024-08-10,85642000
2024-08-11,82750000
2024-08-12,83260000
2024-08-13,84544000
2024-08-14,82370000
2024-08-15,80933000
2024-08-16,82192000
2024-08-17,82750000
2024-08-18,81418000
2024-08-19,81537000
2024-08-20,80669000
2024-08-21,82859000
2024-08-22,81927000
2024-08-23,85557000
2024-08-24,85799000
2024-08-25,86201000
2024-08-26,84300000
2024-08-27,80846000
2024-08-28,80429000
2024-08-29,80659000
2024-08-30,80376000
2024-08-31,80239000
2024-09-01,78234000
2024-09-02,80190000
2024-09-03,80488000
